{"cameraMode":{"drawMode":0,"name":"Shaded","section":"Shading Mode"},"sceneLighting":false,"audioPlay":false,"sceneViewState":{"m_AlwaysRefresh":false,"showFog":true,"showSkybox":false,"showFlares":true,"showImageEffects":true,"showParticleSystems":true,"showVisualEffectGraphs":true,"m_FxEnabled":true},"in2DMode":false,"pivot":{"x":-0.06871100515127182,"y":-0.05621034651994705,"z":0.12371042370796204},"rotation":{"x":0.35943925380706789,"y":-0.4931395351886749,"z":0.23421096801757813,"w":0.7568118572235107},"size":0.1920626312494278,"orthographic":true}